model,features,seed,view,ap,f1,precision,recall,roc_auc,brier,p_at_1pct,threshold
MLP,activity,13,full,0.5366368242123749,0.5431034482758621,0.65625,0.4632352941176471,0.8650885436956238,0.15686631414275407,0.9210526315789473,0.8839872953582764
MLP,activity,42,full,0.545482755922288,0.5609756097560976,0.6272727272727273,0.5073529411764706,0.859992817491235,0.14454615896184128,0.9473684210526315,0.8332828094669392
MLP,activity,97,full,0.5467213350829966,0.5785123966942148,0.660377358490566,0.5147058823529411,0.8519074227373069,0.16027036030684344,0.9473684210526315,0.8270767812877531
MLP,activity_sna,13,full,0.5861655104732005,0.5976095617529881,0.6521739130434783,0.5514705882352942,0.8524501688092454,0.13058031366349562,0.9210526315789473,0.8722890873722272
MLP,activity_sna,42,full,0.6101302767179321,0.5865384615384616,0.8472222222222222,0.4485294117647059,0.8656799847422412,0.11821047867124063,0.8947368421052632,0.9781236643534763
MLP,activity_sna,97,full,0.6176172658345838,0.631578947368421,0.782608695652174,0.5294117647058824,0.8720539540319439,0.11789584759611796,0.9210526315789473,0.9444376698644066
XGBoost,activity,13,full,0.4383121346651002,0.47540983606557374,0.5370370370370371,0.4264705882352941,0.8576209664329307,0.14237543685144347,0.7105263157894737,0.862349271774292
XGBoost,activity,42,full,0.4461020696858017,0.4892703862660944,0.5876288659793815,0.41911764705882354,0.860428028827425,0.1436021802095698,0.6842105263157895,0.8834216594696045
XGBoost,activity,97,full,0.45256545807896825,0.4878048780487805,0.5454545454545454,0.4411764705882353,0.8524136475782367,0.14319123639308134,0.7105263157894737,0.8576042652130127
XGBoost,activity_sna,13,full,0.5770429095862349,0.6428571428571429,0.8181818181818182,0.5294117647058824,0.8565973574860408,0.11026888128345781,0.8157894736842105,0.9439499974250793
XGBoost,activity_sna,42,full,0.5859630523203538,0.6428571428571429,0.8181818181818182,0.5294117647058824,0.8571796682249059,0.11051180461404546,0.868421052631579,0.9401549696922302
XGBoost,activity_sna,97,full,0.5721903745287829,0.6637554585152838,0.8172043010752689,0.5588235294117647,0.8549417283469679,0.10988229288956353,0.8421052631578947,0.9226036071777344
tet_activity_sna,activity_sna,13,full,0.6170901690351458,0.5645933014354066,0.8082191780821918,0.4338235294117647,0.8625817669783145,0.10097162425518036,0.868421052631579,0.9677867293357849
tet_activity_sna,activity_sna,13,prefix,0.5568627333872133,0.5123152709359606,0.7761194029850746,0.38235294117647056,0.8629195883651474,0.10227753967046738,0.868421052631579,0.969974160194397
tet_activity_sna,activity_sna,42,full,0.6195431254332031,0.5658536585365853,0.8405797101449275,0.4264705882352941,0.8703090507726268,0.10290264338254929,0.9210526315789473,0.966509997844696
tet_activity_sna,activity_sna,42,prefix,0.5698556794011358,0.5463414634146342,0.8115942028985508,0.4117647058823529,0.8684850181794571,0.10828613489866257,0.868421052631579,0.9634992480278015
tet_activity_sna,activity_sna,97,full,0.6109596549915427,0.5353535353535354,0.8548387096774194,0.3897058823529412,0.8590625405791456,0.1287793070077896,0.9210526315789473,0.9754593372344971
tet_activity_sna,activity_sna,97,prefix,0.5607697646850224,0.4787234042553192,0.8653846153846154,0.33088235294117646,0.848497760031165,0.12650425732135773,0.868421052631579,0.9757251739501953
dual_tet_activity_sna,activity_sna,13,full,0.6180349543823122,0.6046511627906976,0.8227848101265823,0.47794117647058826,0.8696161618620957,0.10877558588981628,0.868421052631579,0.9633679986000061
dual_tet_activity_sna,activity_sna,13,prefix,0.5674177490924367,0.4742268041237113,0.7931034482758621,0.3382352941176471,0.8633497273081419,0.10957788676023483,0.868421052631579,0.9801799058914185
dual_tet_activity_sna,activity_sna,42,full,0.62695567774947,0.5797101449275363,0.8450704225352113,0.4411764705882353,0.8675131476431632,0.10970402508974075,0.9210526315789473,0.9681163430213928
dual_tet_activity_sna,activity_sna,42,prefix,0.5776362787271089,0.5603864734299517,0.8169014084507042,0.4264705882352941,0.8592613783924166,0.1176675334572792,0.9210526315789473,0.9605169892311096
dual_tet_activity_sna,activity_sna,97,full,0.6219331554051397,0.5714285714285714,0.8108108108108109,0.4411764705882353,0.873350457732762,0.13043636083602905,0.8947368421052632,0.9697394371032715
dual_tet_activity_sna,activity_sna,97,prefix,0.5752088043728891,0.5102040816326531,0.8333333333333334,0.36764705882352944,0.8679412576288794,0.13587090373039246,0.8947368421052632,0.9779263138771057
cons_tet_activity_sna,activity_sna,13,full,0.6204702110257542,0.5645933014354066,0.8082191780821918,0.4338235294117647,0.869124139722114,0.10079214721918106,0.868421052631579,0.9688255786895752
cons_tet_activity_sna,activity_sna,13,prefix,0.5614504306577517,0.4975124378109453,0.7692307692307693,0.36764705882352944,0.8605923743669652,0.1001746654510498,0.868421052631579,0.9715479016304016
cons_tet_activity_sna,activity_sna,42,full,0.6010710745084684,0.53,0.828125,0.3897058823529412,0.8719778681340086,0.1324782371520996,0.9210526315789473,0.9787878394126892
cons_tet_activity_sna,activity_sna,42,prefix,0.5588698123999362,0.5102040816326531,0.8333333333333334,0.36764705882352944,0.866502726918582,0.13526920974254608,0.8947368421052632,0.9767580628395081
cons_tet_activity_sna,activity_sna,97,full,0.6215641388295725,0.55,0.859375,0.40441176470588236,0.8705210768082067,0.13030484318733215,0.8947368421052632,0.9782844185829163
cons_tet_activity_sna,activity_sna,97,prefix,0.5643261559947876,0.5221674876847291,0.7910447761194029,0.3897058823529412,0.8602565819374107,0.13159681856632233,0.868421052631579,0.967835545539856
pc_tet_activity_sna,activity_sna,13,full,0.6175717905492034,0.5981308411214953,0.8205128205128205,0.47058823529411764,0.8688035644721464,0.10813041031360626,0.868421052631579,0.9631227254867554
pc_tet_activity_sna,activity_sna,13,prefix,0.5681762154189347,0.4742268041237113,0.7931034482758621,0.3382352941176471,0.8641217455525257,0.10917530208826065,0.868421052631579,0.9801636338233948
pc_tet_activity_sna,activity_sna,42,full,0.6238613721205356,0.6324110671936759,0.6837606837606838,0.5882352941176471,0.8659254885729126,0.10959022492170334,0.9210526315789473,0.8835873007774353
pc_tet_activity_sna,activity_sna,42,prefix,0.5762612473026555,0.5603864734299517,0.8169014084507042,0.4264705882352941,0.8582966092065965,0.11713255196809769,0.9210526315789473,0.9603381156921387
pc_tet_activity_sna,activity_sna,97,full,0.6215014880091324,0.5714285714285714,0.8656716417910447,0.4264705882352941,0.8720600409037788,0.13024915754795074,0.8947368421052632,0.9769865870475769
pc_tet_activity_sna,activity_sna,97,prefix,0.574928967888807,0.5102040816326531,0.8333333333333334,0.36764705882352944,0.8681167624334503,0.1358058750629425,0.8947368421052632,0.9784151911735535
