dataset,task,model,feature_set,seed,run_timestamp,configuration_hash,train_count,validation_count,test_count,test_illicit,validation_threshold,ap,f1,precision,recall,roc_auc,brier,p_at_1pct,threshold,elapsed_seconds,max_tokens,parameter_count,recency_lambda
Elliptic++,wallet H4,XGBoost,activity,13.0,2026-10-02T18:01:37.865451+00:00,fc2eb4eb82e68a97c13f42a89d9412cb3009e67d41acd57af34d998b13c38cf1,152613,34217,56053,2155,0.7908506393432617,0.13603188156936558,0.2587800369685767,0.16156953260242354,0.6496519721577726,0.7923234305514267,0.19881045235389977,0.21568627450980393,0.7908506393432617,,,,
Elliptic++,wallet H4,XGBoost,activity_sna,13.0,2026-10-02T18:01:37.865451+00:00,fc2eb4eb82e68a97c13f42a89d9412cb3009e67d41acd57af34d998b13c38cf1,152613,34217,56053,2155,0.8632951378822327,0.3510187249142376,0.4124952954459917,0.34694523583412473,0.508584686774942,0.8248053705293121,0.16235550976069954,0.5900178253119429,0.8632951378822327,,,,
Elliptic++,wallet H4,XGBoost,activity,42.0,2026-10-02T18:01:37.865451+00:00,fc2eb4eb82e68a97c13f42a89d9412cb3009e67d41acd57af34d998b13c38cf1,152613,34217,56053,2155,0.7834885120391846,0.13575019836745805,0.2586430024034017,0.16149140020778022,0.6491879350348028,0.7909122103028845,0.1986776521807533,0.21568627450980393,0.7834885120391846,,,,
Elliptic++,wallet H4,XGBoost,activity_sna,42.0,2026-10-02T18:01:37.865451+00:00,fc2eb4eb82e68a97c13f42a89d9412cb3009e67d41acd57af34d998b13c38cf1,152613,34217,56053,2155,0.8662969470024109,0.35049702425938134,0.4151014987668374,0.35109114249037227,0.5076566125290023,0.8240644419092211,0.16184646532339916,0.5882352941176471,0.8662969470024109,,,,
Elliptic++,wallet H4,XGBoost,activity,97.0,2026-10-02T18:01:37.865451+00:00,fc2eb4eb82e68a97c13f42a89d9412cb3009e67d41acd57af34d998b13c38cf1,152613,34217,56053,2155,0.8132879137992859,0.1362399299994967,0.2586430024034017,0.16149140020778022,0.6491879350348028,0.7909620165063871,0.19879464649477754,0.21568627450980393,0.8132879137992859,,,,
Elliptic++,wallet H4,XGBoost,activity_sna,97.0,2026-10-02T18:01:37.865451+00:00,fc2eb4eb82e68a97c13f42a89d9412cb3009e67d41acd57af34d998b13c38cf1,152613,34217,56053,2155,0.8668936491012573,0.35076694140427467,0.48335170893054025,0.46050420168067224,0.508584686774942,0.8253318354451249,0.1617778054889704,0.5864527629233511,0.8668936491012573,,,,
Elliptic++,wallet H4,HGB,activity,42.0,2026-10-02T18:01:37.865451+00:00,fc2eb4eb82e68a97c13f42a89d9412cb3009e67d41acd57af34d998b13c38cf1,152613,34217,56053,2155,0.7440110610093055,0.13470995706138664,0.25894094815636265,0.16166628202169397,0.6501160092807424,0.792384601351061,0.19815711870276626,0.21568627450980393,0.7440110610093055,,,,
Elliptic++,wallet H4,HGB,activity_sna,42.0,2026-10-02T18:01:37.865451+00:00,fc2eb4eb82e68a97c13f42a89d9412cb3009e67d41acd57af34d998b13c38cf1,152613,34217,56053,2155,0.7956021327232187,0.3458061080529657,0.4056952662721893,0.33722717491546267,0.5090487238979118,0.8215774980652206,0.16396482008862354,0.5793226381461676,0.7956021327232187,,,,
Elliptic++,wallet H4,MLP,activity,42.0,2026-10-02T18:01:37.865451+00:00,fc2eb4eb82e68a97c13f42a89d9412cb3009e67d41acd57af34d998b13c38cf1,152613,34217,56053,2155,0.71502644702781,0.13829593213952623,0.2604472140762463,0.16227018385291767,0.6593967517401392,0.7928317551611409,0.20101885509343886,0.22459893048128343,0.71502644702781,,,,
Elliptic++,wallet H4,MLP,activity_sna,42.0,2026-10-02T18:01:37.865451+00:00,fc2eb4eb82e68a97c13f42a89d9412cb3009e67d41acd57af34d998b13c38cf1,152613,34217,56053,2155,0.8659187678973225,0.3489020987050558,0.5175973721257625,0.5234931181775035,0.5118329466357309,0.8077489197391756,0.15396419731688996,0.5668449197860963,0.8659187678973225,,,,
Elliptic++,wallet H4,MLP,activity,13.0,2026-10-02T18:48:05.391334+00:00,4f971308622a0f6926529aecf1c52a27762e579eb2f01520056abd4deae0e7fb,152613,34217,56053,2155,0.844002843502677,0.14029131948237025,0.260430994956442,0.16228571428571428,0.6589327146171694,0.7939138971705514,0.19868642260468514,0.23707664884135474,0.844002843502677,2.8187806999776512,,,
Elliptic++,wallet H4,MLP,activity_sna,13.0,2026-10-02T18:48:11.143253+00:00,4f971308622a0f6926529aecf1c52a27762e579eb2f01520056abd4deae0e7fb,152613,34217,56053,2155,0.8893426441042459,0.3486290107467512,0.5237868696479543,0.5373352855051244,0.5109048723897912,0.8306099757563892,0.16393116576414443,0.5650623885918004,0.8893426441042459,5.714742300013313,,,
Elliptic++,wallet H4,MLP,activity,97.0,2026-10-02T18:48:15.985201+00:00,4f971308622a0f6926529aecf1c52a27762e579eb2f01520056abd4deae0e7fb,152613,34217,56053,2155,0.7554074858018317,0.13296763367871284,0.26090950849793293,0.16265750286368844,0.6589327146171694,0.7920065950817645,0.1982900091655405,0.21746880570409982,0.7554074858018317,4.813798300019698,,,
Elliptic++,wallet H4,MLP,activity_sna,97.0,2026-10-02T18:48:21.265208+00:00,4f971308622a0f6926529aecf1c52a27762e579eb2f01520056abd4deae0e7fb,152613,34217,56053,2155,0.8489244753135995,0.353223881289964,0.524582338902148,0.5400491400491401,0.5099767981438516,0.8085078595222273,0.12352811540770343,0.5864527629233511,0.8489244753135995,5.244756100000814,,,
Elliptic++,wallet H4,Consistency TET,cons_tet_activity_sna,13.0,2026-10-02T18:08:43.032843+00:00,7807f9339e4fcb11ff9792d8360fc9932b446bb98f3fdcdfda2d9fca5b05bd4b,152613,34217,56053,2155,0.8712734580039978,0.4139802677295587,0.5263933218757673,0.5589155370177268,0.4974477958236659,0.8116748065586462,0.12471618503332138,0.839572192513369,0.8712734580039978,77.11532449998776,16.0,73153.0,
Elliptic++,wallet H2 prefix,Consistency TET,cons_tet_activity_sna,13.0,2026-10-02T18:08:43.032843+00:00,7807f9339e4fcb11ff9792d8360fc9932b446bb98f3fdcdfda2d9fca5b05bd4b,152613,34217,56053,2155,0.8373883366584778,0.3352172169167044,0.52246501350356,0.5547445255474452,0.4937354988399072,0.803365659582649,0.11470950394868851,0.5686274509803921,0.8373883366584778,77.11532449998776,16.0,73153.0,
Elliptic++,wallet H4,Consistency TET,cons_tet_activity_sna,42.0,2026-10-02T18:15:02.895564+00:00,31b46a4901023f00b979c650d969f615e13eb559e8d90d435123f9a0e3aebdad,152613,34217,56053,2155,0.7994364500045776,0.35441151318829417,0.527165932452276,0.5577421025375453,0.4997679814385151,0.8013075570517793,0.14716555178165436,0.5828877005347594,0.7994364500045776,115.63761540001724,16.0,73153.0,
Elliptic++,wallet H2 prefix,Consistency TET,cons_tet_activity_sna,42.0,2026-10-02T18:15:02.895564+00:00,31b46a4901023f00b979c650d969f615e13eb559e8d90d435123f9a0e3aebdad,152613,34217,56053,2155,0.7155277729034424,0.3530234347111644,0.5186938002839565,0.5292129406084017,0.508584686774942,0.802270680745335,0.13602040708065033,0.5828877005347594,0.7155277729034424,115.63761540001724,16.0,73153.0,
Elliptic++,wallet H4,Consistency TET,cons_tet_activity_sna,97.0,2026-10-02T18:22:06.297313+00:00,b8149653e3747ce60c4bb64fcc0cb50eceba345856eb71f408efaae6f9802ea1,152613,34217,56053,2155,0.8087489604949951,0.34098608023923643,0.5181621361558817,0.537962037962038,0.4997679814385151,0.8221963605914032,0.15849322080612183,0.5864527629233511,0.8087489604949951,89.02660490002017,16.0,73153.0,
Elliptic++,wallet H2 prefix,Consistency TET,cons_tet_activity_sna,97.0,2026-10-02T18:22:06.297313+00:00,b8149653e3747ce60c4bb64fcc0cb50eceba345856eb71f408efaae6f9802ea1,152613,34217,56053,2155,0.7951878309249878,0.3336312289477034,0.5158959537572254,0.5363044566850276,0.49698375870069605,0.8215250013796791,0.1557973176240921,0.5614973262032086,0.7951878309249878,89.02660490002017,16.0,73153.0,
Elliptic++,wallet H4,Dual-horizon TET,dual_tet_activity_sna,13.0,2026-10-02T18:07:21.499613+00:00,1f8d404056f00ffb051ff52a6c9d867f8b9ede16bec1773464b8499ce1dfbc36,152613,34217,56053,2155,0.8625699877738953,0.34304508914378395,0.5259022833292414,0.5583941605839416,0.49698375870069605,0.8041250858048532,0.12629061937332153,0.5846702317290553,0.8625699877738953,77.81295039999532,16.0,73153.0,
Elliptic++,wallet H2 prefix,Dual-horizon TET,dual_tet_activity_sna,13.0,2026-10-02T18:07:21.499613+00:00,1f8d404056f00ffb051ff52a6c9d867f8b9ede16bec1773464b8499ce1dfbc36,152613,34217,56053,2155,0.8487743139266968,0.34278916345607985,0.5245661207528721,0.5542355371900827,0.4979118329466357,0.8033923405549315,0.12493585050106049,0.5846702317290553,0.8487743139266968,77.81295039999532,16.0,73153.0,
Elliptic++,wallet H4,Dual-horizon TET,dual_tet_activity_sna,42.0,2026-10-02T18:13:00.251047+00:00,487730a34d77e0c08e82ba24d145a228be58bbef5f945cd3e783f604a2e917df,152613,34217,56053,2155,0.9069432020187378,0.3318081456124257,0.5240325363569139,0.5588853838065194,0.49327146171693736,0.8267461336051194,0.1676529496908188,0.5187165775401069,0.9069432020187378,66.21415600000182,16.0,73153.0,
Elliptic++,wallet H2 prefix,Dual-horizon TET,dual_tet_activity_sna,42.0,2026-10-02T18:13:00.251047+00:00,487730a34d77e0c08e82ba24d145a228be58bbef5f945cd3e783f604a2e917df,152613,34217,56053,2155,0.8942985534667969,0.3310454314300475,0.5226155358898722,0.555671719811814,0.49327146171693736,0.8261506244630334,0.16764488816261292,0.5169340463458111,0.8942985534667969,66.21415600000182,16.0,73153.0,
Elliptic++,wallet H4,Dual-horizon TET,dual_tet_activity_sna,97.0,2026-10-02T18:20:32.390747+00:00,ff4943d6c777eeacb368073d289e8865ced29a079d4ce41cdf21e40ca06bad4d,152613,34217,56053,2155,0.8369526267051697,0.3396905469802609,0.5218446601941747,0.5470737913486005,0.4988399071925754,0.821843472662421,0.15694870054721832,0.5846702317290553,0.8369526267051697,85.96891240001423,16.0,73153.0,
Elliptic++,wallet H2 prefix,Dual-horizon TET,dual_tet_activity_sna,97.0,2026-10-02T18:20:32.390747+00:00,ff4943d6c777eeacb368073d289e8865ced29a079d4ce41cdf21e40ca06bad4d,152613,34217,56053,2155,0.8878112435340881,0.3398815201950198,0.5153374233128835,0.546875,0.4872389791183295,0.8218411351716256,0.15819953382015228,0.5828877005347594,0.8878112435340881,85.96891240001423,16.0,73153.0,
Elliptic++,wallet H4,PC-TET,pc_tet_activity_sna,13.0,2026-10-02T18:10:05.798258+00:00,8f676ab4578a07dfcaefab3ca30e0818ac87d5c1527a3ab64aabde461d6a3ec7,152613,34217,56053,2155,0.8626934885978699,0.3427260689906535,0.5260314341846758,0.5586854460093896,0.49698375870069605,0.8042160197929938,0.12568190693855286,0.5828877005347594,0.8626934885978699,78.34841180001968,16.0,73153.0,
Elliptic++,wallet H2 prefix,PC-TET,pc_tet_activity_sna,13.0,2026-10-02T18:10:05.798258+00:00,8f676ab4578a07dfcaefab3ca30e0818ac87d5c1527a3ab64aabde461d6a3ec7,152613,34217,56053,2155,0.8428242802619934,0.34267307098027516,0.5249266862170088,0.5544656685596283,0.49837587006960554,0.8035034122630365,0.12430788576602936,0.5811051693404634,0.8428242802619934,78.34841180001968,16.0,73153.0,
Elliptic++,wallet H4,PC-TET,pc_tet_activity_sna,13.0,2026-10-02T18:35:56.501538+00:00,b29d930c7a9586d7f23389fa7a7e436e94f5a4661aff8b5690acc01d3b45337b,152613,34217,56053,2155,0.8047026991844177,0.342686758193794,0.5206063477025107,0.5316884373488147,0.5099767981438516,0.7999410935100493,0.1514570266008377,0.5846702317290553,0.8047026991844177,188.0618371000164,32.0,73153.0,
Elliptic++,wallet H2 prefix,PC-TET,pc_tet_activity_sna,13.0,2026-10-02T18:35:56.501538+00:00,b29d930c7a9586d7f23389fa7a7e436e94f5a4661aff8b5690acc01d3b45337b,152613,34217,56053,2155,0.8256316781044006,0.3416722649113776,0.5185185185185185,0.5273512476007678,0.5099767981438516,0.8008602396603914,0.15247438848018646,0.5846702317290553,0.8256316781044006,188.0618371000164,32.0,73153.0,
Elliptic++,wallet H4,PC-TET,pc_tet_activity_sna,13.0,2026-10-02T18:31:50.509016+00:00,5c9a431a0a2252e2704a50a4f5a259f3b52a279462aea7759119996adcd43c6f,152613,34217,56053,2155,0.7652573585510254,0.338826894420101,0.5099307159353349,0.5075862068965518,0.5122969837587007,0.7988811598155802,0.1506466418504715,0.5668449197860963,0.7652573585510254,102.0220735000039,8.0,73153.0,
Elliptic++,wallet H2 prefix,PC-TET,pc_tet_activity_sna,13.0,2026-10-02T18:31:50.509016+00:00,5c9a431a0a2252e2704a50a4f5a259f3b52a279462aea7759119996adcd43c6f,152613,34217,56053,2155,0.772399365901947,0.3333315052578333,0.5151798225128444,0.5185707569346497,0.5118329466357309,0.8022510983408636,0.14859817922115326,0.5187165775401069,0.772399365901947,102.0220735000039,8.0,73153.0,
Elliptic++,wallet H4,PC-TET,pc_tet_activity_sna,42.0,2026-10-02T18:16:44.656610+00:00,9bd544100983094a3bebae68a25c11e580ff293b3ec1660ba21e1630c0ec487a,152613,34217,56053,2155,0.8893393278121948,0.33189228170162005,0.5256190242706545,0.5571725571725572,0.4974477958236659,0.8268135204944562,0.16764065623283386,0.5187165775401069,0.8893393278121948,95.49481919998652,16.0,73153.0,
Elliptic++,wallet H2 prefix,PC-TET,pc_tet_activity_sna,42.0,2026-10-02T18:16:44.656610+00:00,9bd544100983094a3bebae68a25c11e580ff293b3ec1660ba21e1630c0ec487a,152613,34217,56053,2155,0.897036612033844,0.33087454118185095,0.5218888342351206,0.5552066980638409,0.4923433874709977,0.8261841198882242,0.16746270656585693,0.5151515151515151,0.897036612033844,95.49481919998652,16.0,73153.0,
Elliptic++,wallet H4,PC-TET,pc_tet_activity_sna,42.0,2026-10-02T18:27:42.877433+00:00,c494ee3f3f921d89174912d25f7a220aff1d01f20d45f4453ebdde05cbbc4e9a,152613,34217,56053,2155,0.8698450326919556,0.3564075972877904,0.5232586758552793,0.5571278825995807,0.49327146171693736,0.8099213483852243,0.12223318219184875,0.5900178253119429,0.8698450326919556,119.69728150000446,32.0,73153.0,
Elliptic++,wallet H2 prefix,PC-TET,pc_tet_activity_sna,42.0,2026-10-02T18:27:42.877433+00:00,c494ee3f3f921d89174912d25f7a220aff1d01f20d45f4453ebdde05cbbc4e9a,152613,34217,56053,2155,0.8588985800743103,0.3528963398318128,0.5228726020659125,0.5562532705389849,0.49327146171693736,0.809011543588521,0.12265095114707947,0.5828877005347594,0.8588985800743103,119.69728150000446,32.0,73153.0,
Elliptic++,wallet H4,PC-TET,pc_tet_activity_sna,42.0,2026-10-02T18:25:38.584058+00:00,8841eeab0e5104a6f536423bf5483700f7bdab7c6a8bdee3349f6ad897424476,152613,34217,56053,2155,0.884278416633606,0.3557042762523977,0.5246791707798618,0.5603584607274644,0.49327146171693736,0.8093664891981666,0.11479434370994568,0.5882352941176471,0.884278416633606,59.618728200002806,8.0,73153.0,
Elliptic++,wallet H2 prefix,PC-TET,pc_tet_activity_sna,42.0,2026-10-02T18:25:38.584058+00:00,8841eeab0e5104a6f536423bf5483700f7bdab7c6a8bdee3349f6ad897424476,152613,34217,56053,2155,0.8798267841339111,0.35324894880601876,0.5237743286523774,0.5582983193277311,0.49327146171693736,0.8085864345120743,0.11392573267221451,0.5864527629233511,0.8798267841339111,59.618728200002806,8.0,73153.0,
Elliptic++,wallet H4,PC-TET,pc_tet_activity_sna,97.0,2026-10-02T18:23:39.640819+00:00,14eaf60fde5bb2d0d48b3481b61a8a81308a3a63b05c2658e29a56a26a0e8b96,152613,34217,56053,2155,0.8366514444351196,0.3402685174917568,0.5220981058766392,0.5476311767702496,0.4988399071925754,0.82233475898748,0.15716497600078583,0.5846702317290553,0.8366514444351196,88.68018570001004,16.0,73153.0,
Elliptic++,wallet H2 prefix,PC-TET,pc_tet_activity_sna,97.0,2026-10-02T18:23:39.640819+00:00,14eaf60fde5bb2d0d48b3481b61a8a81308a3a63b05c2658e29a56a26a0e8b96,152613,34217,56053,2155,0.8851550221443176,0.3392862019762396,0.5153374233128835,0.546875,0.4872389791183295,0.8218917291482691,0.15834163129329681,0.5828877005347594,0.8851550221443176,88.68018570001004,16.0,73153.0,
Elliptic++,wallet H4,PC-TET,pc_tet_activity_sna,97.0,2026-10-02T18:38:31.328765+00:00,cacf5b2ba1a431085cf1d7d802d9ae52118fb3afe0db00ab2f6936fdb1a6615f,152613,34217,56053,2155,0.8682788014411926,0.3436804469681573,0.5250245338567223,0.5570015616866215,0.4965197215777262,0.8033832704018823,0.1528903841972351,0.5882352941176471,0.8682788014411926,150.2228247000021,32.0,73153.0,
Elliptic++,wallet H2 prefix,PC-TET,pc_tet_activity_sna,97.0,2026-10-02T18:38:31.328765+00:00,cacf5b2ba1a431085cf1d7d802d9ae52118fb3afe0db00ab2f6936fdb1a6615f,152613,34217,56053,2155,0.8283778429031372,0.3427641776086938,0.5206454674893213,0.5327829043224867,0.5090487238979118,0.8023520882746726,0.15197454392910004,0.5864527629233511,0.8283778429031372,150.2228247000021,32.0,73153.0,
Elliptic++,wallet H4,PC-TET,pc_tet_activity_sna,97.0,2026-10-02T18:32:43.915033+00:00,3d4932fe82c276f61842194dee58bdc0185f2ee86f84004bd2f566f4703b2731,152613,34217,56053,2155,0.8053196668624878,0.3786108665843734,0.5214198286413708,0.5518134715025906,0.494199535962877,0.829151811977234,0.15707126259803772,0.7076648841354723,0.8053196668624878,48.662041400006274,8.0,73153.0,
Elliptic++,wallet H2 prefix,PC-TET,pc_tet_activity_sna,97.0,2026-10-02T18:32:43.915033+00:00,3d4932fe82c276f61842194dee58bdc0185f2ee86f84004bd2f566f4703b2731,152613,34217,56053,2155,0.802193284034729,0.3344867350671429,0.517056530214425,0.5443817342226783,0.4923433874709977,0.8274527273696237,0.15445461869239807,0.5632798573975044,0.802193284034729,48.662041400006274,8.0,73153.0,
Elliptic++,wallet H4,TET,tet_activity,13.0,2026-10-02T18:11:01.012459+00:00,e525a687e3a91b3481a0d23e428c97556608a84b1beb3bc3714380449d7b1f6d,152613,34217,56053,2155,0.8997282385826111,0.3333840374179251,0.5200395843641762,0.5569687334393216,0.4877030162412993,0.8026673611123666,0.13067108392715454,0.5614973262032086,0.8997282385826111,50.16467739999644,16.0,72385.0,
Elliptic++,wallet H2 prefix,TET,tet_activity,13.0,2026-10-02T18:11:01.012459+00:00,e525a687e3a91b3481a0d23e428c97556608a84b1beb3bc3714380449d7b1f6d,152613,34217,56053,2155,0.8316929340362549,0.3328958512513528,0.5187376725838264,0.5533929510783798,0.48816705336426913,0.801273209281879,0.10138876736164093,0.5597147950089126,0.8316929340362549,50.16467739999644,16.0,72385.0,
Elliptic++,wallet H4,TET,tet_activity,42.0,2026-10-02T18:17:45.134680+00:00,ce1f97caf1e7fa8272ea443ea6f29c751bd187c26b640b8ec0847fee6a600b0f,152613,34217,56053,2155,0.8800002932548523,0.3297756274054827,0.5191884624786116,0.5485537190082644,0.49280742459396754,0.8264256519941982,0.16244572401046753,0.5329768270944741,0.8800002932548523,55.68148430000292,16.0,72385.0,
Elliptic++,wallet H2 prefix,TET,tet_activity,42.0,2026-10-02T18:17:45.134680+00:00,ce1f97caf1e7fa8272ea443ea6f29c751bd187c26b640b8ec0847fee6a600b0f,152613,34217,56053,2155,0.8687554597854614,0.32679361248774724,0.5165562913907285,0.5478668054110302,0.48863109048723896,0.8251589472216962,0.1410953551530838,0.5311942959001783,0.8687554597854614,55.68148430000292,16.0,72385.0,
Elliptic++,wallet H4,TET,tet_activity,97.0,2026-10-02T18:24:34.269474+00:00,f2bad665770adbd8fd75ff96dd0fab93d451dee467b163b07817c581aff91897,152613,34217,56053,2155,0.8034084439277649,0.3353102721710538,0.5236822929317464,0.5494393476044852,0.5002320185614849,0.8266222035452546,0.1536715179681778,0.5650623885918004,0.8034084439277649,49.29037169998628,16.0,72385.0,
Elliptic++,wallet H2 prefix,TET,tet_activity,97.0,2026-10-02T18:24:34.269474+00:00,f2bad665770adbd8fd75ff96dd0fab93d451dee467b163b07817c581aff91897,152613,34217,56053,2155,0.7564998269081116,0.33225545912039195,0.5218023255813954,0.5458692346680183,0.4997679814385151,0.8268513766529353,0.13603585958480835,0.5632798573975044,0.7564998269081116,49.29037169998628,16.0,72385.0,
Elliptic++,wallet H4,TET,tet_activity_sna,13.0,2026-10-02T18:05:30.813277+00:00,659fdc339742cdae744cf99201e39635346e9339e7440bccb2ce082cab2c96e8,152613,34217,56053,2155,0.8487236499786377,0.3590064402670236,0.5261093405246384,0.5576923076923077,0.4979118329466357,0.8080056175543062,0.13353270292282104,0.5882352941176471,0.8487236499786377,74.79466549999779,16.0,73153.0,
Elliptic++,wallet H2 prefix,TET,tet_activity_sna,13.0,2026-10-02T18:05:30.813277+00:00,659fdc339742cdae744cf99201e39635346e9339e7440bccb2ce082cab2c96e8,152613,34217,56053,2155,0.8025627136230469,0.3553107071264531,0.5223084384093113,0.5469781615033011,0.4997679814385151,0.8080840332676166,0.12748907506465912,0.5900178253119429,0.8025627136230469,74.79466549999779,16.0,73153.0,
Elliptic++,wallet H4,TET,tet_activity_sna,42.0,2026-10-02T18:11:49.220285+00:00,3ab49b452bd3e4858236a8ddf129dd3528c3fe3a7f7b9312beb6e216b9c25fbf,152613,34217,56053,2155,0.8875760436058044,0.34884539147145255,0.5245013543462201,0.5587618048268626,0.494199535962877,0.8112481047168325,0.15540891885757446,0.5668449197860963,0.8875760436058044,43.804287799983285,16.0,73153.0,
Elliptic++,wallet H2 prefix,TET,tet_activity_sna,42.0,2026-10-02T18:11:49.220285+00:00,3ab49b452bd3e4858236a8ddf129dd3528c3fe3a7f7b9312beb6e216b9c25fbf,152613,34217,56053,2155,0.793923020362854,0.33191158471325205,0.5209050664043285,0.554160125588697,0.491415313225058,0.8145659339859884,0.11678262799978256,0.4028520499108734,0.793923020362854,43.804287799983285,16.0,73153.0,
Elliptic++,wallet H4,TET,tet_activity_sna,97.0,2026-10-02T18:19:01.734722+00:00,74961cfbd9dd0c9511609eb00412194d5e8fe53433f1c4e8e4c595d4b7fbb2f1,152613,34217,56053,2155,0.8531444072723389,0.33405088001026884,0.5225225225225225,0.5496926229508197,0.4979118329466357,0.8031735548603063,0.14221130311489105,0.5686274509803921,0.8531444072723389,71.78751250001369,16.0,73153.0,
Elliptic++,wallet H2 prefix,TET,tet_activity_sna,97.0,2026-10-02T18:19:01.734722+00:00,74961cfbd9dd0c9511609eb00412194d5e8fe53433f1c4e8e4c595d4b7fbb2f1,152613,34217,56053,2155,0.8290207982063293,0.33143914166963306,0.5215695832317816,0.5492813141683778,0.4965197215777262,0.8019064023915932,0.11824239045381546,0.5650623885918004,0.8290207982063293,71.78751250001369,16.0,73153.0,
Elliptic++,wallet H4,CausalEgoSAGE,ego_activity,13.0,2026-10-02T18:28:01.028128+00:00,b551b3939aae09ef71f8b0e33123be5a69995b4800771e22a7b707d3572ba103,152613,34217,56053,2155,0.5352640748023987,0.25713682576034924,0.21798749747933052,0.13925028983640345,0.5016241299303944,0.7770205154205947,0.26760533452033997,0.5650623885918004,0.5352640748023987,3.4211927999858744,,7329.0,
Elliptic++,wallet H4,CausalEgoSAGE,ego_activity_sna,13.0,2026-10-02T18:28:07.283544+00:00,b551b3939aae09ef71f8b0e33123be5a69995b4800771e22a7b707d3572ba103,152613,34217,56053,2155,0.7373955845832825,0.3244963498141276,0.4987822698490015,0.5248590466427473,0.4751740139211137,0.8140117463432475,0.21083788573741913,0.5739750445632799,0.7373955845832825,5.280816899990896,,8097.0,
Elliptic++,wallet H4,CausalEgoSAGE,ego_activity,42.0,2026-10-02T18:28:30.970340+00:00,ba43ca7971b2db03ab28cbc0c7cd80209745d9e97981f8e82c01a9c0baf97d6e,152613,34217,56053,2155,0.8900173902511597,0.31881069524404454,0.49913516184828266,0.5338266384778013,0.46867749419953597,0.8031297107650018,0.14444600045681,0.5525846702317291,0.8900173902511597,9.409113700006856,,7329.0,
Elliptic++,wallet H4,CausalEgoSAGE,ego_activity_sna,42.0,2026-10-02T18:28:33.827810+00:00,ba43ca7971b2db03ab28cbc0c7cd80209745d9e97981f8e82c01a9c0baf97d6e,152613,34217,56053,2155,0.5626193284988403,0.3239157114276462,0.4914147521160822,0.5131313131313131,0.471461716937355,0.813527924491557,0.26458534598350525,0.5204991087344029,0.5626193284988403,1.845393700001296,,8097.0,
Elliptic++,wallet H4,CausalEgoSAGE,ego_activity,97.0,2026-10-02T18:28:51.767096+00:00,8c505f8a9382f167167882e134f6a0567d90be3ff3046d3865f0e1176160cd10,152613,34217,56053,2155,0.5811284780502319,0.27352459474247265,0.4547413793103448,0.542068079640334,0.39164733178654293,0.8001080841968489,0.2877435088157654,0.5008912655971479,0.5811284780502319,3.428112699999474,,7329.0,
Elliptic++,wallet H4,CausalEgoSAGE,ego_activity_sna,97.0,2026-10-02T18:28:58.752768+00:00,8c505f8a9382f167167882e134f6a0567d90be3ff3046d3865f0e1176160cd10,152613,34217,56053,2155,0.8203240036964417,0.32707282896167755,0.5038701622971286,0.5454054054054054,0.46821345707656614,0.820054043820333,0.23970352113246918,0.5721925133689839,0.8203240036964417,6.060360400006175,,8097.0,
Elliptic++,wallet H4,TGAT (causal adaptation),activity_sna + two-hop events,13.0,2026-10-02T18:20:36.002728+00:00,36e7089f511a84ff407732efde8e886021e30755099bb2616e03be6ff5c6d2c4,152613,34217,56053,2155,0.8371996283531189,0.526378498483587,0.5856562922868741,0.7025974025974026,0.5020881670533642,0.8551723075097853,0.13852575421333313,0.9233511586452763,0.8371996283531189,458.2407375999901,,99073.0,
Elliptic++,wallet H4,TGAT (causal adaptation),activity_sna + two-hop events,42.0,2026-10-02T18:25:00.157167+00:00,dc2090d18c271b2698e07c9af83b11220771ee581c9d6c3ecaf082f08eab5133,152613,34217,56053,2155,0.8467581868171692,0.5141859765951476,0.48324349660182797,0.4881628787878788,0.47842227378190255,0.8350465462002257,0.16594257950782776,0.9500891265597148,0.8467581868171692,259.35849109999253,,99073.0,
Elliptic++,wallet H4,TGAT (causal adaptation),activity_sna + two-hop events,97.0,2026-10-02T18:29:56.422152+00:00,6dbf8295bcb6967148c8cc7cee15de772350a3107de5f53f5b4b9f2bc9cdd419,152613,34217,56053,2155,0.857232391834259,0.533664659847141,0.6052481460353679,0.7853441894892672,0.4923433874709977,0.8586279454213549,0.12612491846084595,0.9429590017825312,0.857232391834259,290.6622255999828,,99073.0,
Real-CATS to Sup-CATS,completed-profile transfer,XGBoost,activity,13.0,2026-10-02T18:04:06.147027+00:00,ec952da5e8bd5222e412f4daf4469c46ee9dfcd75093b42d06ea0337e27d4227,21204,5302,14172,3143,0.4074309170246124,0.17124019965746828,0.10457656116338751,0.07875664358189724,0.15558383709831372,0.24474959675194083,0.38763418793678284,0.007042253521126761,0.4074309170246124,0.3021321999840438,,,
Real-CATS to Sup-CATS,completed-profile transfer,XGBoost,activity,42.0,2026-10-02T18:04:06.338511+00:00,f35f9b964a88b5e2f955508662ff6e03c7a7a0f1afb9e3d21b10093f6c33bded,21204,5302,14172,3143,0.42077574133872986,0.17096568021773192,0.11432589913602571,0.08354133020114521,0.18103722558065544,0.24210181776577397,0.4191071689128876,0.0,0.42077574133872986,0.1806733999983407,,,
Real-CATS to Sup-CATS,completed-profile transfer,XGBoost,activity,97.0,2026-10-02T18:04:06.553954+00:00,c48da60d59641ad26b672b26d0926cf6494ca2fa16009f2a097ad0096af3fcf0,21204,5302,14172,3143,0.43372368812561035,0.170988828742056,0.08736207484927767,0.0679886685552408,0.12217626471524022,0.24251692966799385,0.38424617052078247,0.0,0.43372368812561035,0.20480450001196,,,
Real-CATS to Sup-CATS,completed-profile transfer,MLP,activity,13.0,2026-10-02T18:04:07.768299+00:00,ae2c0caec4f4c42e2e93977312970c6b83a55adbac3d0de442af05a42ee09323,21204,5302,14172,3143,0.3454466462135315,0.22111842361059256,0.40923917834787976,0.28304878048780485,0.7384664333439389,0.5523184949567632,0.305294007062912,0.0,0.3454466462135315,1.204264100000728,,,
Real-CATS to Sup-CATS,completed-profile transfer,MLP,activity,42.0,2026-10-02T18:04:09.668483+00:00,e8a3fe4aae11784fc418c0b75d58ec39e9dbd9199dfb71b2b360be1ff1591f85,21204,5302,14172,3143,0.3928994834423065,0.17519582118791854,0.4029226076470171,0.25926602154464123,0.9035952911231308,0.3983615116794883,0.4408598244190216,0.014084507042253521,0.3928994834423065,1.88868440000806,,,
Real-CATS to Sup-CATS,completed-profile transfer,MLP,activity,97.0,2026-10-02T18:04:10.792570+00:00,80f1fcb871c12e89b3393cbd051d470e2751dc7e6dc0fa68b2c66e088fa13154,21204,5302,14172,3143,0.4212811589241028,0.21640666475285827,0.4135322246806081,0.2665623849834376,0.9217308304167993,0.5383389067672717,0.3947131931781769,0.0,0.4212811589241028,1.1179451000061815,,,
Real-CATS to Sup-CATS,completed-profile transfer,XGBoost,activity_relation,13.0,2026-10-02T18:04:11.045553+00:00,7210432b67f77e37ad934cc5aaa73b564d6cdabaff208a2c6295a5120810d84f,21204,5302,14172,3143,0.490975946187973,0.27340145828524265,0.2862681744749596,0.21637902963204167,0.4228444161629017,0.5954996382862097,0.3081459105014801,0.028169014084507043,0.490975946187973,0.2244998000096529,,,
Real-CATS to Sup-CATS,completed-profile transfer,XGBoost,activity_relation,42.0,2026-10-02T18:04:11.287396+00:00,b2bf782e6e09d0553900d5b3387a677e70ffc22b10c6333a226c45d4d1a663c7,21204,5302,14172,3143,0.5089410543441772,0.2699539671371076,0.28307560137457044,0.213648889609337,0.4193445752465797,0.5883805391201462,0.31451088190078735,0.02112676056338028,0.5089410543441772,0.2324890999880153,,,
Real-CATS to Sup-CATS,completed-profile transfer,XGBoost,activity_relation,97.0,2026-10-02T18:04:11.523965+00:00,5fab8395cc1d71124ab960f88c16b34904165373f619f74c839edca4b4ed7697,21204,5302,14172,3143,0.4947650134563446,0.27403077978930224,0.2866768093892632,0.21769268856246907,0.419662742602609,0.5966503805791038,0.31034088134765625,0.028169014084507043,0.4947650134563446,0.2268809999804943,,,
Real-CATS to Sup-CATS,completed-profile transfer,MLP,activity_relation,13.0,2026-10-02T18:04:12.598617+00:00,da446d3666374469157c69d9d46740f992cfab1e4acca328adbfd638639a1f06,21204,5302,14172,3143,0.40009111166000366,0.32015516537129185,0.5208428349904223,0.36508951406649615,0.9083678014635699,0.7254134653883161,0.24862314760684967,0.007042253521126761,0.40009111166000366,1.0675224000005985,,,
Real-CATS to Sup-CATS,completed-profile transfer,MLP,activity_relation,42.0,2026-10-02T18:04:14.275463+00:00,2c590ec3097617c100bf5d647a624293fb6df1ade4b612e04a4c100d6a3c4d9e,21204,5302,14172,3143,0.4762326776981354,0.3324160776377478,0.5062937062937063,0.39948501011587273,0.6910594972955775,0.7173539421004649,0.2382275015115738,0.014084507042253521,0.4762326776981354,1.6679509000096004,,,
Real-CATS to Sup-CATS,completed-profile transfer,MLP,activity_relation,97.0,2026-10-02T18:04:14.825283+00:00,7d760f5d487fd29012e004946478507ae8ab754c34c3b44a8b8076c81d049dcd,21204,5302,14172,3143,0.44985464215278625,0.25894743502128204,0.5168097281831188,0.3594080338266385,0.9195036589245943,0.6393401660799558,0.2895209789276123,0.007042253521126761,0.44985464215278625,0.5435286000138149,,,
Elliptic,transaction creation,XGBoost,local,13.0,2026-10-02T18:13:12.970612+00:00,85eb07c54967b044da7b901cc367d7afe5894cacccaf82c6d630e92370567caa,26381,6562,13621,868,0.8030300741791735,0.7188838419258884,0.687041564792176,0.7317708333333334,0.6474654377880185,0.9022549496802235,0.06280738115310669,1.0,0.8030300741791735,,,,
Elliptic,transaction creation,XGBoost,local_causal_sna,13.0,2026-10-02T18:13:14.117008+00:00,072ef9f896b2a6a2d8c1eaff6a200c6646fcc576327a31dfcf45cfa59b5fbd12,26381,6562,13621,868,0.6888734584748745,0.7229723470607111,0.6344902386117137,0.5993852459016393,0.673963133640553,0.9069666810122567,0.05915588140487671,1.0,0.6888734584748745,,,,
Elliptic,transaction creation,XGBoost,local,42.0,2026-10-02T18:13:15.109947+00:00,42b6c6aeb509a0b28f69a0eef9d7955ab392ec7ed499b77a6439ae7bbea4af40,26381,6562,13621,868,0.7404497265815735,0.7146332188359974,0.6420993858179788,0.6229685807150596,0.6624423963133641,0.9000734804966826,0.06412428617477417,0.9854014598540146,0.7404497265815735,,,,
Elliptic,transaction creation,XGBoost,local_causal_sna,42.0,2026-10-02T18:13:16.172216+00:00,3b878d5d6127c2bc5b3617110164b100d6a2e8ef29807c8df925e7838feb9740,26381,6562,13621,868,0.7447914312034843,0.7206873008941542,0.6515580736543909,0.6410256410256411,0.6624423963133641,0.9065016688943885,0.06223880872130394,1.0,0.7447914312034843,,,,
Elliptic,transaction creation,XGBoost,local,97.0,2026-10-02T18:13:17.235154+00:00,a1ffce2aaf1bc4146783356d100ebe7f02b8dfc0ca9ae83cc0dad40cc8a1001a,26381,6562,13621,868,0.8300264240801342,0.7208990547551256,0.700693131695022,0.7732962447844228,0.6405529953917051,0.9041242125734579,0.06345407664775848,1.0,0.8300264240801342,,,,
Elliptic,transaction creation,XGBoost,local_causal_sna,97.0,2026-10-02T18:13:18.406173+00:00,f49133de6aa91621ffb2fd46a2e3b57c142103f61f776a8dbc6b66b67182780d,26381,6562,13621,868,0.8002796498090028,0.7187245021727081,0.6863468634686347,0.7361477572559367,0.6428571428571429,0.9062739733056394,0.06275073438882828,1.0,0.8002796498090028,,,,
Elliptic++ tx,transaction creation,XGBoost,local,13.0,2026-10-02T18:13:19.743976+00:00,7495a325f6b5b3a1295c7fce91b81666ffc89ed2aeb54c1e01cc218334522aec,26381,6562,13621,868,0.848494535312056,0.7133547588240151,0.6932270916334662,0.8181818181818182,0.6013824884792627,0.9038747908235922,0.06155182793736458,1.0,0.848494535312056,,,,
Elliptic++ tx,transaction creation,XGBoost,local_causal_sna,13.0,2026-10-02T18:13:21.141054+00:00,773f8739031642ebc37aff581ba9bd60b518d104ce1b85e8bce60581142689bd,26381,6562,13621,868,0.8368249931633469,0.7126168589253837,0.6800518134715026,0.7766272189349113,0.6048387096774194,0.9049984985912776,0.06185415759682655,0.9927007299270073,0.8368249931633469,,,,
Elliptic++ tx,transaction creation,XGBoost,local,42.0,2026-10-02T18:13:22.523929+00:00,d52a47682d4aebd1a507d7fb596cf892ecd036ecfd8edc664abde83343ca39f5,26381,6562,13621,868,0.8388449519872665,0.7081413580144825,0.6902887139107612,0.801829268292683,0.6059907834101382,0.9030808148150558,0.06264699250459671,0.9927007299270073,0.8388449519872665,,,,
Elliptic++ tx,transaction creation,XGBoost,local_causal_sna,42.0,2026-10-02T18:13:23.932147+00:00,e44e4a6af8a030b2d7b80fc19808fd872a445dcc68b27fe124535f7b4adb6658,26381,6562,13621,868,0.8067869900465011,0.7107232070562596,0.6670862177470107,0.7350901525658807,0.6105990783410138,0.9058092322001763,0.06107904762029648,0.9927007299270073,0.8067869900465011,,,,
Elliptic++ tx,transaction creation,XGBoost,local,97.0,2026-10-02T18:13:25.283292+00:00,e83bba2c9a29a7c3803917f7c752f962631bd7a15d251b48150fbbd41e08e31e,26381,6562,13621,868,0.8423380481004714,0.7169880313606106,0.6899275839368005,0.804915514592934,0.6036866359447005,0.9071186286338697,0.061256758868694305,1.0,0.8423380481004714,,,,
Elliptic++ tx,transaction creation,XGBoost,local_causal_sna,97.0,2026-10-02T18:13:26.756757+00:00,ff271cb5d70cba9f3302bd6e285f71bd1f16bd97b9667ae0fd67cb3dc0f62444,26381,6562,13621,868,0.865872235327959,0.7131174465604857,0.6941489361702128,0.8207547169811321,0.6013824884792627,0.9067178012872006,0.0657731294631958,0.9927007299270073,0.865872235327959,,,,
Elliptic++,paired-wallet H1,XGBoost,activity,42.0,2026-10-02T18:01:37.865451+00:00,a197a4a936d68f2716570bbdbfe6a41f3b476636c16d5937f75a9dc3b2ed27a6,152613,34217,33377,1752,0.7275954484939575,0.18523295872650658,0.3329519450800915,0.22213740458015266,0.6643835616438356,0.7982948454166441,0.19152610003948212,0.30538922155688625,0.7275954484939575,,,,
Elliptic++,paired-wallet H1,XGBoost,activity_sna,42.0,2026-10-02T18:01:37.865451+00:00,a197a4a936d68f2716570bbdbfe6a41f3b476636c16d5937f75a9dc3b2ed27a6,152613,34217,33377,1752,0.8544517159461975,0.3854798998167712,0.49205108157414645,0.45275779376498804,0.5388127853881278,0.813229014384464,0.17842772603034973,0.5838323353293413,0.8544517159461975,,,,
Elliptic++,paired-wallet H2,XGBoost,activity,42.0,2026-10-02T18:01:37.865451+00:00,0d11e2e22993708722a98d3a85511b0fc41e2951d13f34af206abef8187de804,152613,34217,33377,1752,0.8050767183303833,0.1875410405988342,0.3334290637564618,0.22275518035303146,0.6626712328767124,0.7986616131535729,0.19117188453674316,0.31736526946107785,0.8050767183303833,,,,
Elliptic++,paired-wallet H2,XGBoost,activity_sna,42.0,2026-10-02T18:01:37.865451+00:00,0d11e2e22993708722a98d3a85511b0fc41e2951d13f34af206abef8187de804,152613,34217,33377,1752,0.8425785899162292,0.3848235573980946,0.49308635533524653,0.4541086016338299,0.5393835616438356,0.8136432851444764,0.1779806911945343,0.5808383233532934,0.8425785899162292,,,,
Elliptic++,paired-wallet H4,XGBoost,activity,42.0,2026-10-02T18:01:37.865451+00:00,514d960cd0d2e972c0285cc67332ee5c7f71d5462d5dba2a25ee54fd8477fbb6,152613,34217,33377,1752,0.7836204171180725,0.1914906490206663,0.3354001441961067,0.22438742041288828,0.6638127853881278,0.7996171873589982,0.19094976782798767,0.32934131736526945,0.7836204171180725,,,,
Elliptic++,paired-wallet H4,XGBoost,activity_sna,42.0,2026-10-02T18:01:37.865451+00:00,514d960cd0d2e972c0285cc67332ee5c7f71d5462d5dba2a25ee54fd8477fbb6,152613,34217,33377,1752,0.8656951189041138,0.3912433529193949,0.4964464332719137,0.4606741573033708,0.53824200913242,0.8133918638439186,0.17877674102783203,0.6317365269461078,0.8656951189041138,,,,
Elliptic++,paired-wallet H8,XGBoost,activity,42.0,2026-10-02T18:01:37.865451+00:00,c2a659fbef64943944fefe7b7a64aea3fa0d07105d2c10cde8f236babd03ae3c,152613,34217,33377,1752,0.8131541609764099,0.19474003807447066,0.33772628530050686,0.22627595575392975,0.6655251141552512,0.8007025556337647,0.19066405296325684,0.3413173652694611,0.8131541609764099,,,,
Elliptic++,paired-wallet H8,XGBoost,activity_sna,42.0,2026-10-02T18:01:37.865451+00:00,c2a659fbef64943944fefe7b7a64aea3fa0d07105d2c10cde8f236babd03ae3c,152613,34217,33377,1752,0.8394686579704285,0.39398708602032145,0.493730407523511,0.4552023121387283,0.5393835616438356,0.8136928998141029,0.17790497839450836,0.6317365269461078,0.8394686579704285,,,,
Elliptic++,wallet H4,XGBoost + validation Platt,activity_sna,42.0,2026-10-02T18:01:37.865451+00:00,7c486fd4450ad11a0796fcf1ffb16b4e1a503efe8c10a46946a09eff935c6722,152613,34217,56053,2155,0.3480796102757386,0.35049702425938134,0.4151014987668374,0.35109114249037227,0.5076566125290023,0.8240644419092211,0.03448440320742113,0.5882352941176471,0.3480796102757386,,,,
Elliptic++,wallet H4 label shuffle,XGBoost,activity_sna,1.0,2026-10-02T18:01:37.865451+00:00,b261c284750f12ea3c76f22ec75ea54c20ee15738538b79d82d721e82e4ae10c,152613,34217,56053,2155,0.5160701274871826,0.04521261727738699,0.06801089918256131,0.044444444444444446,0.14477958236658933,0.5423640288491995,0.24821005761623383,0.0035650623885918,0.5160701274871826,,,,
Elliptic++,wallet H4 label shuffle,XGBoost,activity_sna,2.0,2026-10-02T18:01:37.865451+00:00,b261c284750f12ea3c76f22ec75ea54c20ee15738538b79d82d721e82e4ae10c,152613,34217,56053,2155,0.5066568851470947,0.043659966272742455,0.10720555533882105,0.05852287247636085,0.6375870069605568,0.5360649474615582,0.24163617193698883,0.012477718360071301,0.5066568851470947,,,,
Elliptic++,wallet H4 label shuffle,XGBoost,activity_sna,3.0,2026-10-02T18:01:37.865451+00:00,b261c284750f12ea3c76f22ec75ea54c20ee15738538b79d82d721e82e4ae10c,152613,34217,56053,2155,0.5229619741439819,0.10760942528066891,0.26009088479016307,0.18265440210249673,0.45150812064965196,0.718958492448441,0.2384164035320282,0.026737967914438502,0.5229619741439819,,,,
Elliptic++,wallet H4 label shuffle,XGBoost,activity_sna,4.0,2026-10-02T18:01:37.865451+00:00,b261c284750f12ea3c76f22ec75ea54c20ee15738538b79d82d721e82e4ae10c,152613,34217,56053,2155,0.49210795760154724,0.03831022900507623,0.07402994885278229,0.038729367262723524,0.8361948955916473,0.4681461907208244,0.25115126371383667,0.0196078431372549,0.49210795760154724,,,,
Elliptic++,wallet H4 label shuffle,XGBoost,activity_sna,5.0,2026-10-02T18:01:37.865451+00:00,b261c284750f12ea3c76f22ec75ea54c20ee15738538b79d82d721e82e4ae10c,152613,34217,56053,2155,0.5126944184303284,0.10401879297436266,0.2466250709018718,0.16321321321321322,0.5044083526682135,0.7448749244405024,0.238579660654068,0.0071301247771836,0.5126944184303284,,,,
Elliptic++,wallet H4 recency,XGBoost,activity_sna,42.0,2026-10-02T18:01:37.865451+00:00,fc2eb4eb82e68a97c13f42a89d9412cb3009e67d41acd57af34d998b13c38cf1,152613,34217,56053,2155,0.8662969470024109,0.35049702425938134,0.4151014987668374,0.35109114249037227,0.5076566125290023,0.8240644419092211,0.16184645891189575,0.5882352941176471,0.8662969470024109,,,,0.0
Elliptic++,wallet H4 recency,XGBoost,activity_sna,42.0,2026-10-02T18:01:37.865451+00:00,fc2eb4eb82e68a97c13f42a89d9412cb3009e67d41acd57af34d998b13c38cf1,152613,34217,56053,2155,0.8756227493286133,0.3499729591527216,0.41436672967863897,0.3496012759170654,0.508584686774942,0.8253091536053448,0.1805420219898224,0.5846702317290553,0.8756227493286133,,,,0.03
Elliptic++,wallet H4 recency,XGBoost,activity_sna,42.0,2026-10-02T18:01:37.865451+00:00,fc2eb4eb82e68a97c13f42a89d9412cb3009e67d41acd57af34d998b13c38cf1,152613,34217,56053,2155,0.8941336274147034,0.35019497420436385,0.4142884142884143,0.3494897959183674,0.508584686774942,0.8262496600306894,0.20078128576278687,0.5864527629233511,0.8941336274147034,,,,0.06
Elliptic++,wallet H4 recency,XGBoost,activity_sna,42.0,2026-10-02T18:01:37.865451+00:00,fc2eb4eb82e68a97c13f42a89d9412cb3009e67d41acd57af34d998b13c38cf1,152613,34217,56053,2155,0.8729444742202759,0.3465011404467348,0.40996097379669205,0.3419094854308741,0.5118329466357309,0.8027373825217161,0.22719061374664307,0.5846702317290553,0.8729444742202759,,,,0.1
Elliptic++,wallet H4 recency,XGBoost,activity_sna,42.0,2026-10-02T18:01:37.865451+00:00,fc2eb4eb82e68a97c13f42a89d9412cb3009e67d41acd57af34d998b13c38cf1,152613,34217,56053,2155,0.8960415124893188,0.3429634245044059,0.40877812906825367,0.3410924891371819,0.5099767981438516,0.8024606244725041,0.2804918885231018,0.5828877005347594,0.8960415124893188,,,,0.2
